,,,,,,,,
,Narex Boring and Facing Head Price List 2025,,,,,,,
,,,,,,,,
Vhu A (single head in pasteboard packing),,, List excluding GST ,,,,,
" 201,207    ",Vhu  36-A,," $4,870.00 ",,,,,
" 201,214    ",Vhu  56-A,," $6,209.00 ",,,,,
" 201,221    ",Vhu  80-A,," $6,905.00 ",,,,,
" 201,238    ",Vhu 110-A,," $7,187.00 ",,,,,
" 201,245    ",Vhu 125-A,," $8,855.00 ",,,,,
" 201,252    ",Vhu 160-A,," $9,574.00 ",,,,,
"Vhu B (head, primary accessories, plastic box)",,,,,,,,
" 201,269    ",Vhu 36-B   ,," $5,845.00 ",,,,,
" 201,276    ",Vhu 56-B   ,," $7,540.00 ",,,,,
" 201,283    ",Vhu 80-B   ,," $8,272.00 ",,,,,
" 201,290    ",Vhu 110-B,," $8,815.00 ",,,,,
" 201,306    ",Vhu 125-B ,," $10,594.00 ",,,,,
" 201,313    ",Vhu 160-B ,," $11,313.00 ",,,,,
"Vhu T (head, primary and tool accessories - choice ""T"", plastic box)",,,,,,,,
" 201,320    ",Vhu 36-T ,," $7,129.00 ",,,,,
" 201,337    ",Vhu 56-T ,," $9,187.00 ",,,,,
" 201,344    ",Vhu 80-T,," $9,944.00 ",,,,,
" 201,351    ",Vhu 110-T,," $10,509.00 ",,,,,
" 201,368    ",Vhu 125-T ,," $12,379.00 ",,,,,
" 201,375    ",Vhu 160-T,," $13,074.00 ",,,,,
,,,,,,,,
,,,,,,,,
"Vhu C (head, primary accessories, tool accessories, plastic box)",,,,,,,,
" 201,146    ",Vhu 36-C   ,," $8,227.00 ",,,,,
" 201,153    ",Vhu 56-C   ,," $10,180.00 ",,,,,
" 201,160    ",Vhu 80-C   ,," $10,965.00 ",,,,,
" 201,177    ",Vhu 110-C ,," $11,725.00 ",,,,,
" 201,184    ",Vhu 125-C ,," $13,677.00 ",,,,,
" 201,191    ",Vhu 160-C,," $14,372.00 ",,,,,
,,,,,,,,
"Vhu D (head, primary accessories, indexable inserts, plastic box)",,,,,,,,
" 201,085    ",Vhu 36-D   ,," $8,476.00 ",,,,,
" 201,092    ",Vhu 56-D  ,," $10,433.00 ",,,,,
" 201,108    ",Vhu 80-D  ,," $11,260.00 ",,,,,
" 201,115    ",Vhu 110-D ,," $12,007.00 ",,,,,
" 201,122    ",Vhu 125-D ,," $13,979.00 ",,,,,
" 201,139    ",Vhu 160-D ,," $14,674.00 ",,,,,
Basic accessories,,,,,,,,
,,,,,,,,
201 Holder with screw,,,,,,,,
" 203,706    ",VDS 16-132- držák se šroubem,, $473.00 ,,,,,
" 203,591    ",VDS25-195-držák se šroubem (56),, $503.00 ,,,,,
" 203,614    ",VDS25-220-držák se šroubem (80),, $511.00 ,,,,,
" 203,638    ",VDS25-244-držák se šroubem (110),, $519.00 ,,,,,
" 203,669    ",VDS32-350-držák se šroubem (125),, $556.00 ,,,,,
" 203,683    ",VDS32-385-držák se šroubem (160),, $582.00 ,,,,,
,,,,,,,,
202 Holder,,,,,,,,
" 203,607    ",VDS25-160-držák se šrouby 0205 (56),, $426.00 ,,,,,
" 203,621    ","VDS25-185-držák se šrouby 0280 (80,110)",, $439.00 ,,,,,
" 203,676    ",VDS32-210-držák se šrouby 0365,, $479.00 ,,,,,
,,,,,,,,
203 Set of spacing tubes,,,,,,,,
"301,006",Trubka - sada 16 ,, $45.00 ,,,,,
"301,013",Trubka - sada 25,, $71.00 ,,,,,
"301,020",Trubka - sada 32,, $90.00 ,,,,,
,,,,,,,,
204 Reduction sleeve,,,,,,,,
"301,037",Red.pouzdro 10x16 (pro Vhu 36),, $220.00 ,,,,,
"301,044","Red.pouzdro 16x25 (pro Vhu 56,80,110)",, $257.00 ,,,,,
"301,068","Red.pouzdro 16x32 (pro Vhu 125,160)",, $309.00 ,,,,,
"301,082",Red.pouzdro pro vhu 125,, $309.00 ,,,,,
"301,075",Red.pouzdro  25x32 (pro Vhu 125),, $334.00 ,,,,,
"301,051","Red.pouzdro 20x25 (pro Vhu 56, 80)",, $282.00 ,,,,,
,,,,,,,,
Tool accessories,,,,,,,,
301 Boring tool,,,,,,,,
" 203,201    ",VPS16-062--FCRK10-Ni HF65800550 (C),, $397.00 ,,,,,
" 207,261    ",DDS16-075STFPR08-inserts holder,, $432.00 ,,,,,
,,,,,,,,
302 Insert holder  (VBD),,,,,,,,
" 203,324    ",DDS16-080STFCR11-držák destiček,, $333.00 ,,,,,
,,,,,,,,
303 Insert holder (VBD),,,,,,,,
" 203,331    ",DDS16-090STFCR11-držák destiček,, $349.00 ,,,,,
" 203,416    ",DDS25-150STFCR11-držák destiček,, $399.00 ,,,,,
" 203,492    ",DDS32-180STFCR11-držák destiček,, $412.00 ,,,,,
,,,,,,,,
304 Insert holder (VBD),,,,,,,,
" 203,348    ",DDS16-090STKCR11-držák destiček,, $349.00 ,,,,,
" 203,423    ",DDS25-150STKCR11-držák destiček,, $399.00 ,,,,,
" 203,508    ",DDS32-180STKCR11-držák destiček,, $412.00 ,,,,,
,,,,,,,,
 305 Insert holder  (VBD) ,,,,,,,,
" 203,355    ",DDS16-050SCACR06-držák destiček 0916,, $243.00 ,,,,,
" 203,386    ",DDS16-050SCACL06-držák destiček 0918,, $243.00 ,,,,,
" 203,447    ",DDS25-080SCACR09-držák destiček 0922,, $306.00 ,,,,,
" 203,461    ",DDS25-080SCACL09-držák destiček 0924,, $306.00 ,,,,,
" 203,522    ",DDS32-100SCACR09-držák destiček 0928,, $391.00 ,,,,,
" 203,546    ",DDS32-100SCACL09-držák destiček 0930,, $391.00 ,,,,,
,,,,,,,,
 306 Insert holder (VBD) ,,,,,,,,
" 203,362    ",DDS16-050SCBCR06-držák destiček 0915,, $243.00 ,,,,,
" 203,379    ",DDS16-050SCBCL06-držák destiček 0917,, $243.00 ,,,,,
" 203,430    ",DDS25-080SCBCR09-držák destiček 0921,, $306.00 ,,,,,
" 203,454    ",DDS25-080SCBCL09-držák destiček 0923,, $306.00 ,,,,,
" 203,515    ",DDS32-100SCBCR09-držák destiček 0927,, $391.00 ,,,,,
" 203,539    ",DDS32-100SCBCL09-držák destiček 0929,, $391.00 ,,,,,
,,,,,,,,
 307 Holder bar ,,,,,,,,
" 203,690    ",VTS16-075-1.5-držák hlavice,, $261.00 ,,,,,
" 203,584    ",VTS25-085-1.5-držák hlavice,, $264.00 ,,,,,
" 203,577    ",VTS25-145-1.5-držák hlavice,, $264.00 ,,,,,
" 203,652    ",VTS32-135-1.5-držák hlavice,, $293.00 ,,,,,
" 203,645    ",VTS32-235-1.5-držák hlavice,, $293.00 ,,,,,
,,,,,,,,
 308 Back face insert holder ,,,,,,,,
" 203,393    ",VHS16-1.5STZCL11-hlavice zadní,, $434.00 ,,,,,
" 203,478    ",VHS25-1.5STZCL-hlavice zadní,, $453.00 ,,,,,
" 203,553    ",VHS32-1.5STZCL-hlavice zadní,, $444.00 ,,,,,
,,,,,,,,
 309 Recess/thread insert holder ,,,,,,,,
" 203,409    ",VHZ16-1.5ST--R16-hlavice závit-zápich,, $434.00 ,,,,,
" 203,485    ",VHZ25-1.5ST--R16-hlavice závit-zápich,, $453.00 ,,,,,
" 203,560    ",VHZ32-1.5ST--R16-hlavice závit-zápich,, $444.00 ,,,,,
,,,,,,,,
 Accessories of holders and bars ,,,,,,,,
Exchangeable inserts for boring tools ,,,,,,,,
" 203,829    ",VBD TCMT 110202E-UM8016,, $41.00 ,,,,,
" 203,836    ",VBD CCMT 060204E-UM8016,, $41.00 ,,,,,
" 203,843    ",VBD CCMT 09T304E-UM8016,, $48.00 ,,,,,
Sets of Boring Tools VDSK with exchangeable inserts for heads Vhu and Vh ,,,,,,,,
" 203,010    ",VDSK D 16 mm -D,," $1,502.00 ",,,,,
" 203,027    ",VDSK D 25 mm -D,," $1,933.00 ",,,,,
" 203,034    ",VDSK D 32 mm -D,," $2,375.00 ",,,,,
 Sets of Boring Tools VDSK without echangeable inserts ,,,,,,,,
" 203,072    ",VDSK D 16 mm -C bez destiček,," $1,281.00 ",,,,,
" 203,089    ",VDSK D 25 mm -C bez destiček,," $1,635.00 ",,,,,
" 203,096    ",VDSK D 32 mm -C bez destiček,," $2,071.00 ",,,,,
,,,,,,,,
Plastic box for Vhu,,,,,,,,
,Box  36 HEAVY 4002,, $400.00 ,,,,,
,Box  56 HEAVY 4012,, $611.00 ,,,,,
,Box   80 HEAVY 4012,, $632.00 ,,,,,
,Box 110 HEAVY 4012,, $632.00 ,,,,,
,Box 125 HEAVY 4032    ,, $771.00 ,,,,,
,Box 160 HEAVY 4032,, $771.00 ,,,,,
 Spare parts aren´t component of this price-list - for demand. ,,,,,,,,
,,,,,,,,
 B 1.02 PRECISION BORING HEADS  - Vh ,,,,,,,,
,,,,,,,,
" 205,014    ","Vh  70          (komplet,set)",," $3,409.00 ",,,,,
" 205,021    ","Vh 110         (komplet,set)",," $4,127.00 ",,,,,
" 205,038    ","Vh 140         (komplet,set)",," $5,099.00 ",,,,,
,,,,,,,,
 C 1.03 ADJUSTABLE BORING HEADS- Vhs ,,,,,,,,
,,,,,,,,
" 204,208    ",Vhs  5 - 50    (komplet set),," $1,967.00 ",,,,,
" 204,185    ",Vhs  10-125  (komplet set),," $3,668.00 ",,,,,
" 204,192    ",Vhs  40-180  (komplet set),," $3,859.00 ",,,,,
,,,,,,,,
 E 1.04 EXCHANGEABLE TAPER SHANKS REPLACEABLE ,,,,,,,,
,,,,,,,,
" 208,015    ",VK360 Mk2-M8  DIN 228A,, $517.00 ,,,,,
" 208,022    ",VK360 Mk2-M10 DIN 228A,, $517.00 ,,,,,
" 208,046    ","VK360 Mk2 VV (3/8""-16UNC)",, $633.00 ,,,,,
" 208,053    ",VK360 Mk3 DIN 1806,, $566.00 ,,,,,
" 208,060    ",VK360 Mk3-M10 DIN 228A,, $530.00 ,,,,,
" 208,077    ",VK360 Mk3-M12 DIN 228A,, $530.00 ,,,,,
" 208,091    ",VK360 Mk3 VV (M12),, $678.00 ,,,,,
" 208,107    ","VK360 Mk3 VV (1/2""-12UNC)",, $678.00 ,,,,,
" 208,114    ",VK360 Mk4 DIN 1806,, $678.00 ,,,,,
" 208,121    ",VK360 Mk4-M14 DIN 228A,, $570.00 ,,,,,
" 208,138    ",VK360 Mk4-M16 DIN 228A,, $570.00 ,,,,,
" 208,336    ",VK360 Mk4 VV (M16),, $664.00 ,,,,,
" 208,152    ","VK360 Mk4 VV (5/8""-11UNC)",, $781.00 ,,,,,
" 208,169    ",VK360 Mk5 DIN 1806,, $821.00 ,,,,,
" 208,176    ",VK360 Mk6 DIN 1806,, $947.00 ,,,,,
" 208,183    ",VK360 ISO 30-M12 DIN 2080,, $593.00 ,,,,,
" 208,190    ","VK360 ISO 30-1/2""-13UNC (DIN 2080)",, $593.00 ,,,,,
" 208,206    ",VK360 ISO 30-M12 DIN 69871,, $781.00 ,,,,,
" 208,213    ",VK360 ISO 40-M16 DIN 2080,, $650.00 ,,,,,
" 208,220    ","VK360 ISO 40-5/8""-11UNC (DIN 2080)",, $650.00 ,,,,,
" 208,237    ",VK360 ISO 40-M16 DIN 69871,, $929.00 ,,,,,
" 208,244    ",VK360 ISO 50-M24 DIN 2080,, $929.00 ,,,,,
" 208,251    ",VK360 ISO 50-M24 DIN 69871,, $983.00 ,,,,,
" 208,268    ",VK360 MAS-BT 30-M12,, $781.00 ,,,,,
" 208,275    ",VK360 MAS-BT 40-M16,, $871.00 ,,,,,
" 208,282    ","VK360 CAT 30-1/2""-13UNC",, $781.00 ,,,,,
" 208,299    ","VK360 CAT 40-5/8""-11UNC",, $871.00 ,,,,,
" 208,305    ","VK360 R8 7/16""-20UNF",, $511.00 ,,,,,
" 208,817    ","VK800 R8 7/16""-20 UNF",, $583.00 ,,,,,
" 208,503    ",VK801 Mk4 DIN 1806,, $713.00 ,,,,,
" 208,510    ",VK801 Mk4-M14 DIN 228A,, $597.00 ,,,,,
" 208,527    ",VK801 Mk4-M16 DIN 228A,, $597.00 ,,,,,
" 208,541    ",VK801 Mk4 VV (M16),, $875.00 ,,,,,
" 208,558    ","VK801 Mk4 VV (5/8""-11UNC)",, $875.00 ,,,,,
" 208,565    ",VK801 Mk5 DIN 1806,, $894.00 ,,,,,
" 208,572    ",VK801 Mk5-M16 DIN 228A,, $692.00 ,,,,,
" 208,589    ",VK801 Mk5-M20 DIN 228A,, $692.00 ,,,,,
" 208,602    ",VK801 Mk5 VV (M20),," $1,050.00 ",,,,,
" 208,619    ","VK801 Mk5 VV (3/4""-10UNC)",," $1,050.00 ",,,,,
" 208,626    ",VK801 Mk6 DIN 1806,," $1,189.00 ",,,,,
" 208,633    ",VK801 Mk6-M20 DIN 228A,," $1,050.00 ",,,,,
" 208,640    ",VK801 Mk6-M24 DIN 228A,," $1,050.00 ",,,,,
" 208,671    ",VK801 Mk6 VV (M24),," $1,297.00 ",,,,,
" 208,688    ","VK801 Mk6 VV (1""-8UNC)",," $1,297.00 ",,,,,
" 208,695    ",VK801 ISO 40-M16 DIN 2080,, $761.00 ,,,,,
" 208,701    ","VK801 ISO 40-5/8""-11UNC",, $749.00 ,,,,,
" 208,718    ",VK801 ISO 40-M16 DIN 69871,, $970.00 ,,,,,
" 208,725    ",VK801 ISO 50-M24 DIN 2080,, $907.00 ,,,,,
" 208,732    ","VK801 ISO 50-1""-8UNC",, $907.00 ,,,,,
" 208,749    ",VK801 ISO 50-M24 DIN 69871,," $1,109.00 ",,,,,
" 208,756    ",VK801 MAS-BT 40-M16,, $970.00 ,,,,,
" 208,763    ",VK801 MAS-BT 50-M24,," $1,059.00 ",,,,,
" 208,770    ","VK801 CAT 40-5/8""-11UNC",," $1,014.00 ",,,,,
" 208,787    ","VK801 CAT 50-1""-8UNC",," $1,050.00 ",,,,,
"VK360 - shanks for Vhu 36, Vh70, Vhs 5-50, Vhs 10-125",,,,,,,,
"VK801 - shanks for Vhu 56 až Vhu 160, Vh110, Vh140, Vhs 40-180, VK800  shanks only for Vhu 56",,,,,,,,
